{
    "parent":"builtin/generated",
	"gui_light": "front",
    "textures": {
		"particle": "block/oak_planks"
    },
    "display": {
		"thirdperson_righthand": {
			"rotation": [ -90, 90, 90 ],
			"translation": [ 4.5, -2, 3],
			"scale": [ 1.00, 1.00, 1.00 ]
		},
		"thirdperson_lefthand": {
			"rotation": [ -90, 90, 90 ],
			"translation": [ 4.5, -2, 3],
			"scale": [ 1.00, 1.00, 1.00 ]
		},
        "firstperson_righthand": {
            "rotation": [ 0, 0, 0 ],
            "translation": [ 1.00, -2.00, 0.00 ],
            "scale": [ 1.00, 1.00, 1.00 ]
        },
        "firstperson_lefthand": {
            "rotation": [ 0, 0, 0 ],
            "translation": [ 1.00, -2.00, 0.00 ],
            "scale": [ 1.00, 1.00, 1.00 ]
        },
        "gui": {
			"rotation": [ 0, 0, 0 ],
			"translation": [ 0.00, 0.00, 0.00 ],
			"scale": [ 1.00, 1.00, 1.00 ]
		},
		"head": {
			"rotation": [ 0, 0, 0 ],
			"translation": [ 0.00, 0.00, 0.00 ],
			"scale": [ 1.00, 1.00, 1.00 ]
		},
		"fixed": {
			"rotation": [ 0, 0, 0 ],
			"translation": [ 0.00, 0.00, 0.00 ],
			"scale": [ 1.00, 1.00, 1.00 ]
		},
		"ground": {
			"rotation": [ 0, 0, 0 ],
			"translation": [ 0.00, 3.00, 0.00 ],
			"scale": [ 0.75, 0.75, 0.75 ]
		}
    }
}